pays,chemin_image
Afghanistan,C:\Users\Sid\Desktop\MEF_Trivia\geographie\3\images\drapeau\Afghanistan.png
Afrique Du Sud,C:\Users\Sid\Desktop\MEF_Trivia\geographie\4\images\drapeau\Afrique_Du_Sud.png
Åland,C:\Users\Sid\Desktop\MEF_Trivia\geographie\3\images\drapeau\Åland.png
Albanie,C:\Users\Sid\Desktop\MEF_Trivia\geographie\3\images\drapeau\Albanie.png
Algérie,C:\Users\Sid\Desktop\MEF_Trivia\geographie\1\images\drapeau\Algérie.png
Allemagne,C:\Users\Sid\Desktop\MEF_Trivia\geographie\1\images\drapeau\Allemagne.png
Andorre,C:\Users\Sid\Desktop\MEF_Trivia\geographie\5\images\drapeau\Andorre.png
Angleterre,C:\Users\Sid\Desktop\MEF_Trivia\geographie\3\images\drapeau\Angleterre.png
Angola,C:\Users\Sid\Desktop\MEF_Trivia\geographie\3\images\drapeau\Angola.png
Anguilla,C:\Users\Sid\Desktop\MEF_Trivia\geographie\3\images\drapeau\Anguilla.png
Antarctique,C:\Users\Sid\Desktop\MEF_Trivia\geographie\3\images\drapeau\Antarctique.png
Antigua-Et-Barbuda,C:\Users\Sid\Desktop\MEF_Trivia\geographie\4\images\drapeau\Antigua-Et-Barbuda.png
Arabie Saoudite,C:\Users\Sid\Desktop\MEF_Trivia\geographie\3\images\drapeau\Arabie_Saoudite.png
Argentine,C:\Users\Sid\Desktop\MEF_Trivia\geographie\1\images\drapeau\Argentine.png
Arménie,C:\Users\Sid\Desktop\MEF_Trivia\geographie\3\images\drapeau\Arménie.png
Aruba,C:\Users\Sid\Desktop\MEF_Trivia\geographie\3\images\drapeau\Aruba.png
Australie,C:\Users\Sid\Desktop\MEF_Trivia\geographie\1\images\drapeau\Australie.png
Autriche,C:\Users\Sid\Desktop\MEF_Trivia\geographie\2\images\drapeau\Autriche.png
Azerbaïdjan,C:\Users\Sid\Desktop\MEF_Trivia\geographie\3\images\drapeau\Azerbaïdjan.png
Bahamas,C:\Users\Sid\Desktop\MEF_Trivia\geographie\3\images\drapeau\Bahamas.png
Bahreïn,C:\Users\Sid\Desktop\MEF_Trivia\geographie\3\images\drapeau\Bahreïn.png
Bangladesh,C:\Users\Sid\Desktop\MEF_Trivia\geographie\3\images\drapeau\Bangladesh.png
Barbade,C:\Users\Sid\Desktop\MEF_Trivia\geographie\5\images\drapeau\Barbade.png
Belgique,C:\Users\Sid\Desktop\MEF_Trivia\geographie\2\images\drapeau\Belgique.png
Belize,C:\Users\Sid\Desktop\MEF_Trivia\geographie\3\images\drapeau\Belize.png
Bénin,C:\Users\Sid\Desktop\MEF_Trivia\geographie\3\images\drapeau\Bénin.png
Bermudes,C:\Users\Sid\Desktop\MEF_Trivia\geographie\3\images\drapeau\Bermudes.png
Bhoutan,C:\Users\Sid\Desktop\MEF_Trivia\geographie\3\images\drapeau\Bhoutan.png
Biélorussie,C:\Users\Sid\Desktop\MEF_Trivia\geographie\3\images\drapeau\Biélorussie.png
Birmanie,C:\Users\Sid\Desktop\MEF_Trivia\geographie\3\images\drapeau\Birmanie.png
Bolivie,C:\Users\Sid\Desktop\MEF_Trivia\geographie\2\images\drapeau\Bolivie.png
Bosnie-Herzégovine,C:\Users\Sid\Desktop\MEF_Trivia\geographie\3\images\drapeau\Bosnie-Herzégovine.png
Botswana,C:\Users\Sid\Desktop\MEF_Trivia\geographie\3\images\drapeau\Botswana.png
Brésil,C:\Users\Sid\Desktop\MEF_Trivia\geographie\1\images\drapeau\Brésil.png
Brunei,C:\Users\Sid\Desktop\MEF_Trivia\geographie\3\images\drapeau\Brunei.png
Bulgarie,C:\Users\Sid\Desktop\MEF_Trivia\geographie\2\images\drapeau\Bulgarie.png
Burkina Faso,C:\Users\Sid\Desktop\MEF_Trivia\geographie\3\images\drapeau\Burkina_Faso.png
Burundi,C:\Users\Sid\Desktop\MEF_Trivia\geographie\3\images\drapeau\Burundi.png
Cambodge,C:\Users\Sid\Desktop\MEF_Trivia\geographie\3\images\drapeau\Cambodge.png
Cameroun,C:\Users\Sid\Desktop\MEF_Trivia\geographie\2\images\drapeau\Cameroun.png
Canada,C:\Users\Sid\Desktop\MEF_Trivia\geographie\1\images\drapeau\Canada.png
Chili,C:\Users\Sid\Desktop\MEF_Trivia\geographie\1\images\drapeau\Chili.png
Chine,C:\Users\Sid\Desktop\MEF_Trivia\geographie\1\images\drapeau\Chine.png
Chypre,C:\Users\Sid\Desktop\MEF_Trivia\geographie\3\images\drapeau\Chypre.png
Vatican,C:\Users\Sid\Desktop\MEF_Trivia\geographie\3\images\drapeau\Vatican.png
Colombie,C:\Users\Sid\Desktop\MEF_Trivia\geographie\2\images\drapeau\Colombie.png
Comores,C:\Users\Sid\Desktop\MEF_Trivia\geographie\5\images\drapeau\Comores.png
Congo,C:\Users\Sid\Desktop\MEF_Trivia\geographie\3\images\drapeau\Congo.png
Congo (rép. Dém.),C:\Users\Sid\Desktop\MEF_Trivia\geographie\4\images\drapeau\Congo_rép_Dém.png
Corée Du Nord,C:\Users\Sid\Desktop\MEF_Trivia\geographie\4\images\drapeau\Corée_Du_Nord.png
Corée Du Sud,C:\Users\Sid\Desktop\MEF_Trivia\geographie\4\images\drapeau\Corée_Du_Sud.png
Costa Rica,C:\Users\Sid\Desktop\MEF_Trivia\geographie\3\images\drapeau\Costa_Rica.png
Côte D'Ivoire,C:\Users\Sid\Desktop\MEF_Trivia\geographie\3\images\drapeau\Côte_DIvoire.png
Croatie,C:\Users\Sid\Desktop\MEF_Trivia\geographie\3\images\drapeau\Croatie.png
Cuba,C:\Users\Sid\Desktop\MEF_Trivia\geographie\3\images\drapeau\Cuba.png
Curaçao,C:\Users\Sid\Desktop\MEF_Trivia\geographie\3\images\drapeau\Curaçao.png
Danemark,C:\Users\Sid\Desktop\MEF_Trivia\geographie\2\images\drapeau\Danemark.png
Djibouti,C:\Users\Sid\Desktop\MEF_Trivia\geographie\3\images\drapeau\Djibouti.png
Dominique,C:\Users\Sid\Desktop\MEF_Trivia\geographie\3\images\drapeau\Dominique.png
Écosse,C:\Users\Sid\Desktop\MEF_Trivia\geographie\3\images\drapeau\Écosse.png
Égypte,C:\Users\Sid\Desktop\MEF_Trivia\geographie\1\images\drapeau\Égypte.png
Émirats Arabes Unis,C:\Users\Sid\Desktop\MEF_Trivia\geographie\4\images\drapeau\Émirats_Arabes_Unis.png
Équateur,C:\Users\Sid\Desktop\MEF_Trivia\geographie\2\images\drapeau\Équateur.png
Érythrée,C:\Users\Sid\Desktop\MEF_Trivia\geographie\3\images\drapeau\Érythrée.png
Espagne,C:\Users\Sid\Desktop\MEF_Trivia\geographie\1\images\drapeau\Espagne.png
Estonie,C:\Users\Sid\Desktop\MEF_Trivia\geographie\3\images\drapeau\Estonie.png
États-Unis,C:\Users\Sid\Desktop\MEF_Trivia\geographie\1\images\drapeau\États-Unis.png
Éthiopie,C:\Users\Sid\Desktop\MEF_Trivia\geographie\2\images\drapeau\Éthiopie.png
Fidji,C:\Users\Sid\Desktop\MEF_Trivia\geographie\3\images\drapeau\Fidji.png
Finlande,C:\Users\Sid\Desktop\MEF_Trivia\geographie\1\images\drapeau\Finlande.png
France,C:\Users\Sid\Desktop\MEF_Trivia\geographie\1\images\drapeau\France.png
Gabon,C:\Users\Sid\Desktop\MEF_Trivia\geographie\3\images\drapeau\Gabon.png
Gambie,C:\Users\Sid\Desktop\MEF_Trivia\geographie\3\images\drapeau\Gambie.png
Géorgie,C:\Users\Sid\Desktop\MEF_Trivia\geographie\3\images\drapeau\Géorgie.png
Géorgie Du Sud-Et-Les Îles Sandwich Du Sud,C:\Users\Sid\Desktop\MEF_Trivia\geographie\4\images\drapeau\Géorgie_Du_Sud-Et-Les_Îles_Sandwich_Du_Sud.png
Ghana,C:\Users\Sid\Desktop\MEF_Trivia\geographie\2\images\drapeau\Ghana.png
Gibraltar,C:\Users\Sid\Desktop\MEF_Trivia\geographie\3\images\drapeau\Gibraltar.png
Grèce,C:\Users\Sid\Desktop\MEF_Trivia\geographie\1\images\drapeau\Grèce.png
Grenade,C:\Users\Sid\Desktop\MEF_Trivia\geographie\5\images\drapeau\Grenade.png
Groenland,C:\Users\Sid\Desktop\MEF_Trivia\geographie\3\images\drapeau\Groenland.png
Guadeloupe,C:\Users\Sid\Desktop\MEF_Trivia\geographie\3\images\drapeau\Guadeloupe.png
Guam,C:\Users\Sid\Desktop\MEF_Trivia\geographie\3\images\drapeau\Guam.png
Guatemala,C:\Users\Sid\Desktop\MEF_Trivia\geographie\3\images\drapeau\Guatemala.png
Guernesey,C:\Users\Sid\Desktop\MEF_Trivia\geographie\3\images\drapeau\Guernesey.png
Guinée,C:\Users\Sid\Desktop\MEF_Trivia\geographie\3\images\drapeau\Guinée.png
Guinée Équatoriale,C:\Users\Sid\Desktop\MEF_Trivia\geographie\3\images\drapeau\Guinée_Équatoriale.png
Guinée-Bissau,C:\Users\Sid\Desktop\MEF_Trivia\geographie\3\images\drapeau\Guinée-Bissau.png
Guyana,C:\Users\Sid\Desktop\MEF_Trivia\geographie\3\images\drapeau\Guyana.png
Guyane,C:\Users\Sid\Desktop\MEF_Trivia\geographie\3\images\drapeau\Guyane.png
Haïti,C:\Users\Sid\Desktop\MEF_Trivia\geographie\3\images\drapeau\Haïti.png
Honduras,C:\Users\Sid\Desktop\MEF_Trivia\geographie\3\images\drapeau\Honduras.png
Hong Kong,C:\Users\Sid\Desktop\MEF_Trivia\geographie\3\images\drapeau\Hong_Kong.png
Hongrie,C:\Users\Sid\Desktop\MEF_Trivia\geographie\2\images\drapeau\Hongrie.png
Île Bouvet,C:\Users\Sid\Desktop\MEF_Trivia\geographie\3\images\drapeau\Île_Bouvet.png
Île Christmas,C:\Users\Sid\Desktop\MEF_Trivia\geographie\3\images\drapeau\Île_Christmas.png
Île De Man,C:\Users\Sid\Desktop\MEF_Trivia\geographie\4\images\drapeau\Île_De_Man.png
Maurice,C:\Users\Sid\Desktop\MEF_Trivia\geographie\5\images\drapeau\Maurice.png
Île Norfolk,C:\Users\Sid\Desktop\MEF_Trivia\geographie\3\images\drapeau\Île_Norfolk.png
Îles Caïmans,C:\Users\Sid\Desktop\MEF_Trivia\geographie\3\images\drapeau\Îles_Caïmans.png
Îles Cocos,C:\Users\Sid\Desktop\MEF_Trivia\geographie\3\images\drapeau\Îles_Cocos.png
Îles Cook,C:\Users\Sid\Desktop\MEF_Trivia\geographie\3\images\drapeau\Îles_Cook.png
Cap-Vert,C:\Users\Sid\Desktop\MEF_Trivia\geographie\5\images\drapeau\Cap-Vert.png
Îles Féroé,C:\Users\Sid\Desktop\MEF_Trivia\geographie\3\images\drapeau\Îles_Féroé.png
Îles Heard-Et-Macdonald,C:\Users\Sid\Desktop\MEF_Trivia\geographie\4\images\drapeau\Îles_Heard-Et-Macdonald.png
Îles Malouines,C:\Users\Sid\Desktop\MEF_Trivia\geographie\3\images\drapeau\Îles_Malouines.png
Îles Mariannes Du Nord,C:\Users\Sid\Desktop\MEF_Trivia\geographie\4\images\drapeau\Îles_Mariannes_Du_Nord.png
Îles Marshall,C:\Users\Sid\Desktop\MEF_Trivia\geographie\3\images\drapeau\Îles_Marshall.png
Îles Mineures Éloignées Des États-Unis,C:\Users\Sid\Desktop\MEF_Trivia\geographie\4\images\drapeau\Îles_Mineures_Éloignées_Des_États-Unis.png
Îles Pitcairn,C:\Users\Sid\Desktop\MEF_Trivia\geographie\3\images\drapeau\Îles_Pitcairn.png
Îles Salomon,C:\Users\Sid\Desktop\MEF_Trivia\geographie\3\images\drapeau\Îles_Salomon.png
Îles Turques-Et-Caïques,C:\Users\Sid\Desktop\MEF_Trivia\geographie\4\images\drapeau\Îles_Turques-Et-Caïques.png
Îles Vierges Britanniques,C:\Users\Sid\Desktop\MEF_Trivia\geographie\4\images\drapeau\Îles_Vierges_Britanniques.png
Îles Vierges Des États-Unis,C:\Users\Sid\Desktop\MEF_Trivia\geographie\4\images\drapeau\Îles_Vierges_Des_États-Unis.png
Inde,C:\Users\Sid\Desktop\MEF_Trivia\geographie\1\images\drapeau\Inde.png
Indonésie,C:\Users\Sid\Desktop\MEF_Trivia\geographie\3\images\drapeau\Indonésie.png
Irak,C:\Users\Sid\Desktop\MEF_Trivia\geographie\3\images\drapeau\Irak.png
Iran,C:\Users\Sid\Desktop\MEF_Trivia\geographie\3\images\drapeau\Iran.png
Irlande,C:\Users\Sid\Desktop\MEF_Trivia\geographie\2\images\drapeau\Irlande.png
Irlande Du Nord,C:\Users\Sid\Desktop\MEF_Trivia\geographie\4\images\drapeau\Irlande_Du_Nord.png
Islande,C:\Users\Sid\Desktop\MEF_Trivia\geographie\2\images\drapeau\Islande.png
Italie,C:\Users\Sid\Desktop\MEF_Trivia\geographie\1\images\drapeau\Italie.png
Jamaïque,C:\Users\Sid\Desktop\MEF_Trivia\geographie\3\images\drapeau\Jamaïque.png
Japon,C:\Users\Sid\Desktop\MEF_Trivia\geographie\1\images\drapeau\Japon.png
Jersey,C:\Users\Sid\Desktop\MEF_Trivia\geographie\3\images\drapeau\Jersey.png
Jordanie,C:\Users\Sid\Desktop\MEF_Trivia\geographie\3\images\drapeau\Jordanie.png
Kazakhstan,C:\Users\Sid\Desktop\MEF_Trivia\geographie\3\images\drapeau\Kazakhstan.png
Kenya,C:\Users\Sid\Desktop\MEF_Trivia\geographie\2\images\drapeau\Kenya.png
Kirghizistan,C:\Users\Sid\Desktop\MEF_Trivia\geographie\3\images\drapeau\Kirghizistan.png
Kiribati,C:\Users\Sid\Desktop\MEF_Trivia\geographie\5\images\drapeau\Kiribati.png
Kosovo,C:\Users\Sid\Desktop\MEF_Trivia\geographie\3\images\drapeau\Kosovo.png
Koweït,C:\Users\Sid\Desktop\MEF_Trivia\geographie\3\images\drapeau\Koweït.png
Laos,C:\Users\Sid\Desktop\MEF_Trivia\geographie\3\images\drapeau\Laos.png
Lesotho,C:\Users\Sid\Desktop\MEF_Trivia\geographie\3\images\drapeau\Lesotho.png
Lettonie,C:\Users\Sid\Desktop\MEF_Trivia\geographie\3\images\drapeau\Lettonie.png
Liban,C:\Users\Sid\Desktop\MEF_Trivia\geographie\3\images\drapeau\Liban.png
Liberia,C:\Users\Sid\Desktop\MEF_Trivia\geographie\3\images\drapeau\Liberia.png
Libye,C:\Users\Sid\Desktop\MEF_Trivia\geographie\3\images\drapeau\Libye.png
Liechtenstein,C:\Users\Sid\Desktop\MEF_Trivia\geographie\5\images\drapeau\Liechtenstein.png
Lituanie,C:\Users\Sid\Desktop\MEF_Trivia\geographie\3\images\drapeau\Lituanie.png
Luxembourg,C:\Users\Sid\Desktop\MEF_Trivia\geographie\3\images\drapeau\Luxembourg.png
Macao,C:\Users\Sid\Desktop\MEF_Trivia\geographie\3\images\drapeau\Macao.png
Macédoine Du Nord,C:\Users\Sid\Desktop\MEF_Trivia\geographie\4\images\drapeau\Macédoine_Du_Nord.png
Madagascar,C:\Users\Sid\Desktop\MEF_Trivia\geographie\3\images\drapeau\Madagascar.png
Malaisie,C:\Users\Sid\Desktop\MEF_Trivia\geographie\3\images\drapeau\Malaisie.png
Malawi,C:\Users\Sid\Desktop\MEF_Trivia\geographie\3\images\drapeau\Malawi.png
Maldives,C:\Users\Sid\Desktop\MEF_Trivia\geographie\3\images\drapeau\Maldives.png
Mali,C:\Users\Sid\Desktop\MEF_Trivia\geographie\3\images\drapeau\Mali.png
Malte,C:\Users\Sid\Desktop\MEF_Trivia\geographie\5\images\drapeau\Malte.png
Maroc,C:\Users\Sid\Desktop\MEF_Trivia\geographie\1\images\drapeau\Maroc.png
Martinique,C:\Users\Sid\Desktop\MEF_Trivia\geographie\3\images\drapeau\Martinique.png
Mauritanie,C:\Users\Sid\Desktop\MEF_Trivia\geographie\3\images\drapeau\Mauritanie.png
Mayotte,C:\Users\Sid\Desktop\MEF_Trivia\geographie\3\images\drapeau\Mayotte.png
Mexique,C:\Users\Sid\Desktop\MEF_Trivia\geographie\1\images\drapeau\Mexique.png
Micronésie,C:\Users\Sid\Desktop\MEF_Trivia\geographie\5\images\drapeau\Micronésie.png
Moldavie,C:\Users\Sid\Desktop\MEF_Trivia\geographie\3\images\drapeau\Moldavie.png
Monaco,C:\Users\Sid\Desktop\MEF_Trivia\geographie\5\images\drapeau\Monaco.png
Mongolie,C:\Users\Sid\Desktop\MEF_Trivia\geographie\3\images\drapeau\Mongolie.png
Monténégro,C:\Users\Sid\Desktop\MEF_Trivia\geographie\3\images\drapeau\Monténégro.png
Montserrat,C:\Users\Sid\Desktop\MEF_Trivia\geographie\3\images\drapeau\Montserrat.png
Mozambique,C:\Users\Sid\Desktop\MEF_Trivia\geographie\3\images\drapeau\Mozambique.png
Namibie,C:\Users\Sid\Desktop\MEF_Trivia\geographie\3\images\drapeau\Namibie.png
Nauru,C:\Users\Sid\Desktop\MEF_Trivia\geographie\5\images\drapeau\Nauru.png
Népal,C:\Users\Sid\Desktop\MEF_Trivia\geographie\3\images\drapeau\Népal.png
Nicaragua,C:\Users\Sid\Desktop\MEF_Trivia\geographie\3\images\drapeau\Nicaragua.png
Niger,C:\Users\Sid\Desktop\MEF_Trivia\geographie\3\images\drapeau\Niger.png
Nigeria,C:\Users\Sid\Desktop\MEF_Trivia\geographie\2\images\drapeau\Nigeria.png
Niue,C:\Users\Sid\Desktop\MEF_Trivia\geographie\3\images\drapeau\Niue.png
Norvège,C:\Users\Sid\Desktop\MEF_Trivia\geographie\1\images\drapeau\Norvège.png
Nouvelle-Calédonie,C:\Users\Sid\Desktop\MEF_Trivia\geographie\3\images\drapeau\Nouvelle-Calédonie.png
Nouvelle-Zélande,C:\Users\Sid\Desktop\MEF_Trivia\geographie\3\images\drapeau\Nouvelle-Zélande.png
Oman,C:\Users\Sid\Desktop\MEF_Trivia\geographie\3\images\drapeau\Oman.png
Ouganda,C:\Users\Sid\Desktop\MEF_Trivia\geographie\3\images\drapeau\Ouganda.png
Ouzbékistan,C:\Users\Sid\Desktop\MEF_Trivia\geographie\3\images\drapeau\Ouzbékistan.png
Pakistan,C:\Users\Sid\Desktop\MEF_Trivia\geographie\3\images\drapeau\Pakistan.png
Palaos,C:\Users\Sid\Desktop\MEF_Trivia\geographie\5\images\drapeau\Palaos.png
Palestine,C:\Users\Sid\Desktop\MEF_Trivia\geographie\3\images\drapeau\Palestine.png
Panama,C:\Users\Sid\Desktop\MEF_Trivia\geographie\3\images\drapeau\Panama.png
Papouasie-Nouvelle-Guinée,C:\Users\Sid\Desktop\MEF_Trivia\geographie\4\images\drapeau\Papouasie-Nouvelle-Guinée.png
Paraguay,C:\Users\Sid\Desktop\MEF_Trivia\geographie\3\images\drapeau\Paraguay.png
Pays De Galles,C:\Users\Sid\Desktop\MEF_Trivia\geographie\4\images\drapeau\Pays_De_Galles.png
Pays-Bas,C:\Users\Sid\Desktop\MEF_Trivia\geographie\2\images\drapeau\Pays-Bas.png
Pays-Bas Caribéens,C:\Users\Sid\Desktop\MEF_Trivia\geographie\4\images\drapeau\Pays-Bas_Caribéens.png
Pérou,C:\Users\Sid\Desktop\MEF_Trivia\geographie\2\images\drapeau\Pérou.png
Philippines,C:\Users\Sid\Desktop\MEF_Trivia\geographie\3\images\drapeau\Philippines.png
Pologne,C:\Users\Sid\Desktop\MEF_Trivia\geographie\2\images\drapeau\Pologne.png
Polynésie Française,C:\Users\Sid\Desktop\MEF_Trivia\geographie\3\images\drapeau\Polynésie_Française.png
Porto Rico,C:\Users\Sid\Desktop\MEF_Trivia\geographie\3\images\drapeau\Porto_Rico.png
Portugal,C:\Users\Sid\Desktop\MEF_Trivia\geographie\1\images\drapeau\Portugal.png
Qatar,C:\Users\Sid\Desktop\MEF_Trivia\geographie\2\images\drapeau\Qatar.png
République Centrafricaine,C:\Users\Sid\Desktop\MEF_Trivia\geographie\4\images\drapeau\République_Centrafricaine.png
République Dominicaine,C:\Users\Sid\Desktop\MEF_Trivia\geographie\4\images\drapeau\République_Dominicaine.png
Réunion,C:\Users\Sid\Desktop\MEF_Trivia\geographie\3\images\drapeau\Réunion.png
Roumanie,C:\Users\Sid\Desktop\MEF_Trivia\geographie\2\images\drapeau\Roumanie.png
Royaume-Uni,C:\Users\Sid\Desktop\MEF_Trivia\geographie\1\images\drapeau\Royaume-Uni.png
Russie,C:\Users\Sid\Desktop\MEF_Trivia\geographie\1\images\drapeau\Russie.png
Rwanda,C:\Users\Sid\Desktop\MEF_Trivia\geographie\3\images\drapeau\Rwanda.png
Sahara Occidental,C:\Users\Sid\Desktop\MEF_Trivia\geographie\3\images\drapeau\Sahara_Occidental.png
Saint-Barthélemy,C:\Users\Sid\Desktop\MEF_Trivia\geographie\3\images\drapeau\Saint-Barthélemy.png
Saint-Christophe-Et-Niévès,C:\Users\Sid\Desktop\MEF_Trivia\geographie\4\images\drapeau\Saint-Christophe-Et-Niévès.png
Saint-Marin,C:\Users\Sid\Desktop\MEF_Trivia\geographie\5\images\drapeau\Saint-Marin.png
Saint-Martin (antilles Françaises),C:\Users\Sid\Desktop\MEF_Trivia\geographie\4\images\drapeau\Saint-Martin_antilles_Françaises.png
Saint-Martin (royaume Des Pays-Bas),C:\Users\Sid\Desktop\MEF_Trivia\geographie\4\images\drapeau\Saint-Martin_royaume_Des_Pays-Bas.png
Saint-Pierre-Et-Miquelon,C:\Users\Sid\Desktop\MEF_Trivia\geographie\4\images\drapeau\Saint-Pierre-Et-Miquelon.png
Saint-Vincent-Et-Les-Grenadines,C:\Users\Sid\Desktop\MEF_Trivia\geographie\4\images\drapeau\Saint-Vincent-Et-Les-Grenadines.png
Sainte-Hélène-Ascension Et Tristan Da Cunha,C:\Users\Sid\Desktop\MEF_Trivia\geographie\4\images\drapeau\Sainte-Hélène-Ascension_Et_Tristan_Da_Cunha.png
Sainte-Lucie,C:\Users\Sid\Desktop\MEF_Trivia\geographie\5\images\drapeau\Sainte-Lucie.png
Salvador,C:\Users\Sid\Desktop\MEF_Trivia\geographie\3\images\drapeau\Salvador.png
Samoa,C:\Users\Sid\Desktop\MEF_Trivia\geographie\3\images\drapeau\Samoa.png
Samoa Américaines,C:\Users\Sid\Desktop\MEF_Trivia\geographie\3\images\drapeau\Samoa_Américaines.png
Sao Tomé-Et-Principe,C:\Users\Sid\Desktop\MEF_Trivia\geographie\4\images\drapeau\Sao_Tomé-Et-Principe.png
Sénégal,C:\Users\Sid\Desktop\MEF_Trivia\geographie\1\images\drapeau\Sénégal.png
Serbie,C:\Users\Sid\Desktop\MEF_Trivia\geographie\3\images\drapeau\Serbie.png
Seychelles,C:\Users\Sid\Desktop\MEF_Trivia\geographie\5\images\drapeau\Seychelles.png
Sierra Leone,C:\Users\Sid\Desktop\MEF_Trivia\geographie\3\images\drapeau\Sierra_Leone.png
Singapour,C:\Users\Sid\Desktop\MEF_Trivia\geographie\3\images\drapeau\Singapour.png
Slovaquie,C:\Users\Sid\Desktop\MEF_Trivia\geographie\3\images\drapeau\Slovaquie.png
Slovénie,C:\Users\Sid\Desktop\MEF_Trivia\geographie\3\images\drapeau\Slovénie.png
Somalie,C:\Users\Sid\Desktop\MEF_Trivia\geographie\3\images\drapeau\Somalie.png
Soudan,C:\Users\Sid\Desktop\MEF_Trivia\geographie\3\images\drapeau\Soudan.png
Soudan Du Sud,C:\Users\Sid\Desktop\MEF_Trivia\geographie\4\images\drapeau\Soudan_Du_Sud.png
Sri Lanka,C:\Users\Sid\Desktop\MEF_Trivia\geographie\3\images\drapeau\Sri_Lanka.png
Suède,C:\Users\Sid\Desktop\MEF_Trivia\geographie\1\images\drapeau\Suède.png
Suisse,C:\Users\Sid\Desktop\MEF_Trivia\geographie\2\images\drapeau\Suisse.png
Suriname,C:\Users\Sid\Desktop\MEF_Trivia\geographie\3\images\drapeau\Suriname.png
Svalbard Et Jan Mayen,C:\Users\Sid\Desktop\MEF_Trivia\geographie\4\images\drapeau\Svalbard_Et_Jan_Mayen.png
Eswatini,C:\Users\Sid\Desktop\MEF_Trivia\geographie\3\images\drapeau\Eswatini.png
Syrie,C:\Users\Sid\Desktop\MEF_Trivia\geographie\3\images\drapeau\Syrie.png
Tadjikistan,C:\Users\Sid\Desktop\MEF_Trivia\geographie\3\images\drapeau\Tadjikistan.png
Taïwan,C:\Users\Sid\Desktop\MEF_Trivia\geographie\3\images\drapeau\Taïwan.png
Tanzanie,C:\Users\Sid\Desktop\MEF_Trivia\geographie\3\images\drapeau\Tanzanie.png
Tchad,C:\Users\Sid\Desktop\MEF_Trivia\geographie\3\images\drapeau\Tchad.png
Tchéquie,C:\Users\Sid\Desktop\MEF_Trivia\geographie\2\images\drapeau\Tchéquie.png
Terres Australes Et Antarctiques Françaises,C:\Users\Sid\Desktop\MEF_Trivia\geographie\4\images\drapeau\Terres_Australes_Et_Antarctiques_Françaises.png
Territoire Britannique De L'Océan Indien,C:\Users\Sid\Desktop\MEF_Trivia\geographie\4\images\drapeau\Territoire_Britannique_De_LOcéan_Indien.png
Thaïlande,C:\Users\Sid\Desktop\MEF_Trivia\geographie\3\images\drapeau\Thaïlande.png
Timor Oriental,C:\Users\Sid\Desktop\MEF_Trivia\geographie\3\images\drapeau\Timor_Oriental.png
Togo,C:\Users\Sid\Desktop\MEF_Trivia\geographie\3\images\drapeau\Togo.png
Tokelau,C:\Users\Sid\Desktop\MEF_Trivia\geographie\3\images\drapeau\Tokelau.png
Tonga,C:\Users\Sid\Desktop\MEF_Trivia\geographie\3\images\drapeau\Tonga.png
Trinité-Et-Tobago,C:\Users\Sid\Desktop\MEF_Trivia\geographie\4\images\drapeau\Trinité-Et-Tobago.png
Tunisie,C:\Users\Sid\Desktop\MEF_Trivia\geographie\1\images\drapeau\Tunisie.png
Turkménistan,C:\Users\Sid\Desktop\MEF_Trivia\geographie\3\images\drapeau\Turkménistan.png
Turquie,C:\Users\Sid\Desktop\MEF_Trivia\geographie\1\images\drapeau\Turquie.png
Tuvalu,C:\Users\Sid\Desktop\MEF_Trivia\geographie\5\images\drapeau\Tuvalu.png
Ukraine,C:\Users\Sid\Desktop\MEF_Trivia\geographie\1\images\drapeau\Ukraine.png
Uruguay,C:\Users\Sid\Desktop\MEF_Trivia\geographie\2\images\drapeau\Uruguay.png
Vanuatu,C:\Users\Sid\Desktop\MEF_Trivia\geographie\3\images\drapeau\Vanuatu.png
Venezuela,C:\Users\Sid\Desktop\MEF_Trivia\geographie\2\images\drapeau\Venezuela.png
Viêt Nam,C:\Users\Sid\Desktop\MEF_Trivia\geographie\3\images\drapeau\Viêt_Nam.png
Wallis-Et-Futuna,C:\Users\Sid\Desktop\MEF_Trivia\geographie\4\images\drapeau\Wallis-Et-Futuna.png
Yémen,C:\Users\Sid\Desktop\MEF_Trivia\geographie\3\images\drapeau\Yémen.png
Zambie,C:\Users\Sid\Desktop\MEF_Trivia\geographie\3\images\drapeau\Zambie.png
Zimbabwe,C:\Users\Sid\Desktop\MEF_Trivia\geographie\3\images\drapeau\Zimbabwe.png
